{
    "age": 110,
    "cam_id": 99,
    "device_id": 101,
    "direction": 0,
    "end_interval": 600,
    "hallway_width_cm": 15.0,
    "hallway_width_pixel": 22.975370407104492,
    "language": 1,
    "limit_max_weight": 0.0,
    "limit_min_weight": 0.0,
    "linegap": 0.20000000298023224,
    "linegap_position": 0.5,
    "log_path": "intflow-log",
    "media_path": "intflow-count",
    "reboot_time": "00:00:00",
    "reference_weight": 2.0,
    "ship_direction": "r",
    "update_time": "23:50:00",
    "upload_time": "01:00:00",
    "vpi_k1": -0.0002299999032402411,
    "vpi_k2": 0.0,
    "weight_bias": -0.05,
    "x_scale": 1.0,
    "y_scale": 0.9929996728897096,
    "x_rotate": 0.0,
    "y_rotate": 0.0,
    "zx_perspect": 0.0,
    "zy_perspect": 0.0,
    "x_pad": 0.0,
    "y_pad": 0.0,
    "x_focus": 320.0,
    "y_focus": 180.0,
    "x00": 1.0306240320205688,
    "x01": 0.02032192423939705,
    "x02": -5.266357421875,
    "x10": 0.0013081406941637397,
    "x11": 1.0212901830673218,
    "x12": -4.384984493255615,
    "x20": 0.000040677827200852334,
    "x21": 0.00004172879926045425,
    "x22": 1.0,
    "chx1": 136.50038146972656,
    "chy1": 100.51122283935548,
    "chx2": 504.71588134765625,
    "chy2": 261.5569152832031,
    "color_thr_ratio": 0.8,
    "non_detection_area": "0,0,640,22.5,0,335.5,640,360"
}